CITYCODE,CITYNAME,JAPANESE,FOREIGNER
00000,全国,123398962,2747137 
01000,北海道,5188441,36173
01100,札幌市,1959523,13872
01101,札幌市中央区,246027,2653
01102,札幌市北区,286191,3132
01103,札幌市東区,263485,1894
01104,札幌市白石区,210731,1104
01105,札幌市豊平区,223705,1593
01106,札幌市南区,135113,664
01107,札幌市西区,215975,1065
01108,札幌市厚別区,124413,670
01109,札幌市手稲区,142142,483
01110,札幌市清田区,111741,614
01202,函館市,249977,1107
01203,小樽市,110692,607
01204,旭川市,328153,1153
01205,室蘭市,81975,408
01206,釧路市,164204,873
01207,帯広市,165814,722
01208,北見市,115055,425
01209,夕張市,7247,87
01210,岩見沢市,79110,196
01211,網走市,35438,321
01212,留萌市,19979,135
01213,苫小牧市,169361,752
01214,稚内市,33125,438
01215,美唄市,20369,44
01216,芦別市,12538,17
01217,江別市,120370,686
01218,赤平市,9631,67
01219,紋別市,20685,530
01220,士別市,17782,76
01221,名寄市,27232,50
01222,三笠市,8025,15
01223,根室市,24327,309
01224,千歳市,97246,704
01225,滝川市,39380,110
01226,砂川市,16457,29
01227,歌志内市,2979,10
01228,深川市,19929,110
01229,富良野市,20899,232
01230,登別市,46211,180
01231,恵庭市,69885,446
01233,伊達市,32646,180
01234,北広島市,57799,372
01235,石狩市,56418,451
01236,北斗市,44002,300
01303,当別町,15795,121
01304,新篠津村,3036,8
01331,松前町,6218,42
01332,福島町,3758,36
01333,知内町,4104,63
01334,木古内町,3808,24
01337,七飯町,27574,112
01343,鹿部町,3646,114
01345,森町,14022,316
01346,八雲町,15597,229
01347,長万部町,4932,177
01361,江差町,7409,19
01362,上ノ国町,4256,50
01363,厚沢部町,3562,30
01364,乙部町,3386,17
01367,奥尻町,2402,8
01370,今金町,5068,4
01371,せたな町,7368,30
01391,島牧村,1354,2
01392,寿都町,2784,54
01393,黒松内町,2775,16
01394,蘭越町,4530,38
01395,ニセコ町,4827,247
01396,真狩村,2008,37
01397,留寿都村,1798,113
01398,喜茂別町,2093,63
01399,京極町,2888,53
01400,倶知安町,14430,699
01401,共和町,5763,9
01402,岩内町,11601,47
01403,泊村,1566,3
01404,神恵内村,869,1
01405,積丹町,1827,4
01406,古平町,2692,53
01407,仁木町,3113,67
01408,余市町,17875,125
01409,赤井川村,1105,60
01423,南幌町,7273,46
01424,奈井江町,5092,28
01425,上砂川町,2824,17
01427,由仁町,4798,24
01428,長沼町,10263,26
01429,栗山町,11236,36
01430,月形町,3678,13
01431,浦臼町,1724,8
01432,新十津川町,6465,19
01433,妹背牛町,2650,43
01434,秩父別町,2326,3
01436,雨竜町,2380,9
01437,北竜町,1718,6
01438,沼田町,2903,6
01452,鷹栖町,6564,3
01453,東神楽町,10084,43
01454,当麻町,6309,10
01455,比布町,3517,3
01456,愛別町,2565,40
01457,上川町,3452,48
01458,東川町,8048,266
01459,美瑛町,9582,86
01460,上富良野町,10285,63
01461,中富良野町,4699,34
01462,南富良野町,2358,18
01463,占冠村,1161,145
01464,和寒町,3170,22
01465,剣淵町,2925,1
01468,下川町,3100,26
01469,美深町,4110,35
01470,音威子府村,705,1
01471,中川町,1520,8
01472,幌加内町,1368,2
01481,増毛町,3828,80
01482,小平町,2927,67
01483,苫前町,2910,26
01484,羽幌町,6526,22
01485,初山別村,1072,8
01486,遠別町,2460,60
01487,天塩町,2916,34
01511,猿払村,2450,161
01512,浜頓別町,3373,75
01513,中頓別町,1633,4
01514,枝幸町,7435,130
01516,豊富町,3932,42
01517,礼文町,2481,28
01518,利尻町,2003,1
01519,利尻富士町,2447,11
01520,幌延町,2343,28
01543,美幌町,18609,88
01544,津別町,4364,9
01545,斜里町,11231,187
01546,清里町,3881,2
01547,小清水町,4600,23
01549,訓子府町,4649,28
01550,置戸町,2770,5
01552,佐呂間町,4653,222
01555,遠軽町,19172,69
01559,湧別町,8125,145
01560,滝上町,2396,25
01561,興部町,3543,85
01562,西興部村,1025,28
01563,雄武町,3971,228
01564,大空町,6762,13
01571,豊浦町,3759,62
01575,壮瞥町,2717,26
01578,白老町,16022,190
01581,厚真町,4386,46
01584,洞爺湖町,8354,88
01585,安平町,7267,73
01586,むかわ町,7509,142
01601,日高町,11019,260
01602,平取町,4649,127
01604,新冠町,5163,146
01607,浦河町,11818,256
01608,様似町,4017,26
01609,えりも町,4335,39
01610,新ひだか町,21413,104
01631,音更町,43469,107
01632,士幌町,5758,90
01633,上士幌町,4642,136
01634,鹿追町,5191,75
01635,新得町,5784,33
01636,清水町,8959,135
01637,芽室町,17988,60
01638,中札内村,3808,76
01639,更別村,3072,8
01641,大樹町,5312,108
01642,広尾町,6336,51
01643,幕別町,25657,109
01644,池田町,6272,22
01645,豊頃町,2972,50
01646,本別町,6576,42
01647,足寄町,6537,26
01648,陸別町,2223,41
01649,浦幌町,4353,34
01661,釧路町,19030,75
01662,厚岸町,8736,156
01663,浜中町,5423,84
01664,標茶町,7135,95
01665,弟子屈町,6907,48
01667,鶴居村,2523,35
01668,白糠町,7199,90
01691,別海町,13981,399
01692,中標津町,22903,107
01693,標津町,4946,77
01694,羅臼町,4680,42
02000,青森県,1232227,5757
02201,青森市,274158,1034
02202,弘前市,167760,706
02203,八戸市,222252,1163
02204,黒石市,31830,116
02205,五所川原市,51316,99
02206,十和田市,60045,333
02207,三沢市,38470,682
02208,むつ市,53937,166
02209,つがる市,30876,58
02210,平川市,30519,48
02301,平内町,10079,47
02303,今別町,2331,3
02304,蓬田村,2538,2
02307,外ヶ浜町,5365,36
02321,鰺ヶ沢町,9029,15
02323,深浦町,7324,22
02343,西目屋村,1265,0
02361,藤崎町,14546,27
02362,大鰐町,8663,2
02367,田舎館村,7315,11
02381,板柳町,12681,19
02384,鶴田町,12059,15
02387,中泊町,9593,64
02401,野辺地町,12223,151
02402,七戸町,14502,54
02405,六戸町,10366,81
02406,横浜町,4153,76
02408,東北町,16325,103
02411,六ヶ所村,10251,116
02412,おいらせ町,24018,255
02423,大間町,4709,9
02424,東通村,5943,12
02425,風間浦村,1633,3
02426,佐井村,1787,1
02441,三戸町,9048,34
02442,五戸町,15970,72
02443,田子町,4955,13
02445,南部町,16776,33
02446,階上町,13428,68
02450,新郷村,2189,8
03000,岩手県,1203203,7331
03201,盛岡市,288181,1550
03202,宮古市,50244,125
03203,大船渡市,34402,326
03205,花巻市,92804,389
03206,北上市,92264,781
03207,久慈市,32717,326
03208,遠野市,25211,155
03209,一関市,111122,810
03210,陸前高田市,18087,175
03211,釜石市,31853,225
03213,二戸市,25317,196
03214,八幡平市,23926,97
03215,奥州市,112309,628
03216,滝沢市,55323,256
03301,雫石町,15689,42
03302,葛巻町,5611,23
03303,岩手町,12120,165
03321,紫波町,32061,86
03322,矢巾町,27948,108
03366,西和賀町,5110,24
03381,金ケ崎町,15390,145
03402,平泉町,7213,39
03441,住田町,4939,106
03461,大槌町,10952,52
03482,山田町,14258,62
03483,岩泉町,8665,61
03484,田野畑村,3030,29
03485,普代村,2466,21
03501,軽米町,8332,89
03503,野田村,3914,22
03506,九戸村,5362,16
03507,洋野町,15040,51
03524,一戸町,11343,151
04000,宮城県,2280203,21793
04100,仙台市,1083190,13514
04101,仙台市青葉区,305057,6533
04102,仙台市宮城野区,194502,2230
04103,仙台市若林区,140004,1471
04104,仙台市太白区,232809,1949
04105,仙台市泉区,210818,1331
04202,石巻市,139010,1141
04203,塩竈市,51685,518
04205,気仙沼市,60557,590
04206,白石市,32540,218
04207,名取市,78319,399
04208,角田市,27763,213
04209,多賀城市,62429,398
04211,岩沼市,43681,387
04212,登米市,75697,340
04213,栗原市,64151,486
04214,東松島市,38956,142
04215,大崎市,126568,762
04216,富谷市,51424,227
04301,蔵王町,11351,67
04302,七ヶ宿町,1235,27
04321,大河原町,23444,127
04322,村田町,10612,54
04323,柴田町,38118,153
04324,川崎町,8214,131
04341,丸森町,12129,133
04361,亘理町,32930,157
04362,山元町,11988,58
04401,松島町,13260,63
04404,七ヶ浜町,18034,98
04406,利府町,35056,126
04421,大和町,28356,430
04422,大郷町,7734,79
04424,大衡村,5791,58
04444,色麻町,6664,34
04445,加美町,21779,164
04501,涌谷町,15330,58
04505,美里町,23929,65
04581,女川町,6218,212
04606,南三陸町,12061,164
05000,秋田県,955659,3843
05201,秋田市,306346,1326
05202,能代市,49760,208
05203,横手市,85174,381
05204,大館市,68924,313
05206,男鹿市,25110,44
05207,湯沢市,41977,114
05209,鹿角市,28997,91
05210,由利本荘市,74434,273
05211,潟上市,31633,87
05212,大仙市,77426,231
05213,北秋田市,30056,142
05214,にかほ市,23351,84
05215,仙北市,24521,89
05303,小坂町,4747,33
05327,上小阿仁村,2042,21
05346,藤里町,2870,26
05348,三種町,15208,46
05349,八峰町,6529,48
05361,五城目町,8520,18
05363,八郎潟町,5557,26
05366,井川町,4560,6
05368,大潟村,2992,19
05434,美郷町,18564,49
05463,羽後町,13723,102
05464,東成瀬村,2638,66
06000,山形県,1060586,7441
06201,山形市,246284,1306
06202,米沢市,80515,737
06203,鶴岡市,121638,709
06204,酒田市,99761,512
06205,新庄市,34042,390
06206,寒河江市,39832,357
06207,上山市,28959,151
06208,村山市,22336,180
06209,長井市,26202,341
06210,天童市,61609,531
06211,東根市,47351,331
06212,尾花沢市,14891,80
06213,南陽市,30150,270
06301,山辺町,13678,47
06302,中山町,10689,57
06321,河北町,17457,184
06322,西川町,4914,42
06323,朝日町,6314,52
06324,大江町,7559,87
06341,大石田町,6499,78
06361,金山町,5014,57
06362,最上町,7998,82
06363,舟形町,4974,33
06364,真室川町,7168,35
06365,大蔵村,3012,16
06366,鮭川村,3876,26
06367,戸沢村,4139,60
06381,高畠町,22267,196
06382,川西町,14490,68
06401,小国町,7051,56
06402,白鷹町,12769,121
06403,飯豊町,6565,48
06426,三川町,7571,30
06428,庄内町,20045,106
06461,遊佐町,12967,65
07000,福島県,1819085,14067
07201,福島市,280711,1982
07202,会津若松市,116518,858
07203,郡山市,324828,2864
07204,いわき市,330116,2815
07205,白河市,58861,630
07207,須賀川市,74589,403
07208,喜多方市,44544,216
07209,相馬市,34672,193
07210,二本松市,53210,347
07211,田村市,34851,318
07212,南相馬市,58559,446
07213,伊達市,57830,410
07214,本宮市,30050,186
07301,桑折町,11424,35
07303,国見町,8580,59
07308,川俣町,12061,109
07322,大玉村,8853,47
07342,鏡石町,12268,50
07344,天栄村,5138,56
07362,下郷町,5249,15
07364,檜枝岐村,504,0
07367,只見町,4014,30
07368,南会津町,14383,68
07402,北塩原村,2521,35
07405,西会津町,5732,38
07407,磐梯町,3313,9
07408,猪苗代町,13488,64
07421,会津坂下町,14941,127
07422,湯川村,3073,8
07423,柳津町,3074,7
07444,三島町,1444,8
07445,金山町,1851,11
07446,昭和村,1242,4
07447,会津美里町,18976,38
07461,西郷村,20547,261
07464,泉崎村,6095,118
07465,中島村,4850,35
07466,矢吹町,17124,163
07481,棚倉町,13272,71
07482,矢祭町,5369,23
07483,塙町,8215,87
07484,鮫川村,3031,18
07501,石川町,14533,111
07502,玉川村,6321,71
07503,平田村,5706,120
07504,浅川町,6012,24
07505,古殿町,4767,58
07521,三春町,16960,58
07522,小野町,9328,143
07541,広野町,5337,75
07542,楢葉町,3688,22
07543,富岡町,2118,10
07544,川内村,2010,34
07545,大熊町,846,1
07546,双葉町,-,-
07547,浪江町,1918,5
07548,葛尾村,416,4
07561,新地町,7855,50
07564,飯舘村,1299,19
08000,茨城県,2801640,65369
08201,水戸市,267019,3666
08202,日立市,172781,1727
08203,土浦市,137639,4435
08204,古河市,136033,3311
08205,石岡市,71914,1147
08207,結城市,48437,2208
08208,龍ケ崎市,74256,2164
08210,下妻市,40400,2121
08211,常総市,55838,4996
08212,常陸太田市,48422,180
08214,高萩市,27488,211
08215,北茨城市,41437,364
08216,笠間市,72429,744
08217,取手市,103020,1504
08219,牛久市,83192,1459
08220,つくば市,232424,9232
08221,ひたちなか市,154750,1831
08222,鹿嶋市,65991,959
08223,潮来市,27237,367
08224,守谷市,67253,1168
08225,常陸大宮市,39010,257
08226,那珂市,53230,272
08227,筑西市,98171,2582
08228,坂東市,49829,2436
08229,稲敷市,37973,1066
08230,かすみがうら市,39057,1030
08231,桜川市,38828,294
08232,神栖市,92758,2696
08233,行方市,31254,931
08234,鉾田市,43396,2557
08235,つくばみらい市,49350,522
08236,小美玉市,47430,1440
08302,茨城町,30845,556
08309,大洗町,14974,741
08310,城里町,18031,66
08341,東海村,37594,297
08364,大子町,15654,82
08442,美浦村,14291,311
08443,阿見町,47597,956
08447,河内町,8124,107
08521,八千代町,19939,1087
08542,五霞町,7948,145
08546,境町,23297,904
08564,利根町,15100,240
09000,栃木県,1891396,41750
09201,宇都宮市,509129,9628
09202,足利市,140007,4739
09203,栃木市,151348,4201
09204,佐野市,113338,2890
09205,鹿沼市,92619,1414
09206,日光市,76733,928
09208,小山市,159858,6808
09209,真岡市,74817,3373
09210,大田原市,70933,1154
09211,矢板市,30859,306
09213,那須塩原市,112997,2213
09214,さくら市,44132,381
09215,那須烏山市,24648,227
09216,下野市,58789,718
09301,上三川町,30420,386
09342,益子町,21700,198
09343,茂木町,11797,94
09344,市貝町,11089,173
09345,芳賀町,14799,162
09361,壬生町,38929,545
09364,野木町,24588,325
09384,塩谷町,10301,53
09386,高根沢町,28803,426
09407,那須町,23692,264
09411,那珂川町,15071,144
10000,群馬県,1879820,59290
10201,前橋市,324896,7253
10202,高崎市,367214,5759
10203,桐生市,104748,1697
10204,伊勢崎市,198769,13081
10205,太田市,211009,12005
10206,沼田市,44753,584
10207,館林市,72673,2636
10208,渋川市,73803,778
10209,藤岡市,62476,785
10210,富岡市,46635,811
10211,安中市,54396,511
10212,みどり市,48926,722
10344,榛東村,14047,169
10345,吉岡町,21635,157
10366,上野村,1111,17
10367,神流町,1634,11
10382,下仁田町,6545,31
10383,南牧村,1606,5
10384,甘楽町,12330,161
10421,中之条町,15190,196
10424,長野原町,5036,59
10425,嬬恋村,8706,144
10426,草津町,5782,267
10428,高山村,3318,193
10429,東吾妻町,12488,240
10443,片品村,3951,42
10444,川場村,3470,10
10448,昭和村,6517,436
10449,みなかみ町,16966,229
10464,玉村町,35069,985
10521,板倉町,13790,293
10522,明和町,10606,276
10523,千代田町,10522,339
10524,大泉町,34352,7737
10525,邑楽町,24851,671
11000,埼玉県,7159087,185678
11100,さいたま市,1297097,26928
11101,さいたま市西区,92456,1043
11102,さいたま市北区,146305,2937
11103,さいたま市大宮区,114927,2857
11104,さいたま市見沼区,161968,3081
11105,さいたま市中央区,101370,1899
11106,さいたま市桜区,95921,2740
11107,さいたま市浦和区,161591,3231
11108,さいたま市南区,186372,5191
11109,さいたま市緑区,126523,1798
11110,さいたま市岩槻区,109664,2151
11201,川越市,345787,8784
11202,熊谷市,191054,3361
11203,川口市,557323,36951
11206,行田市,77066,1551
11207,秩父市,59137,537
11208,所沢市,336691,5773
11209,飯能市,79359,1002
11210,加須市,109345,2278
11211,本庄市,75975,2594
11212,東松山市,89042,2749
11214,春日部市,226296,3496
11215,狭山市,146021,2678
11216,羽生市,51315,1547
11217,鴻巣市,115005,1823
11218,深谷市,138217,3051
11219,上尾市,223025,3915
11221,草加市,241156,7148
11222,越谷市,335014,6607
11223,蕨市,67770,6513
11224,戸田市,133691,7208
11225,入間市,143475,2176
11227,朝霞市,137289,3794
11228,志木市,73538,1808
11229,和光市,81763,2226
11230,新座市,162378,3639
11231,桶川市,73916,832
11232,久喜市,147565,3017
11233,北本市,64639,562
11234,八潮市,89426,3937
11235,富士見市,109094,2765
11237,三郷市,137333,4812
11238,蓮田市,60890,609
11239,坂戸市,97361,2914
11240,幸手市,49018,1048
11241,鶴ヶ島市,68731,1386
11242,日高市,53770,801
11243,吉川市,70415,1564
11245,ふじみ野市,110659,2938
11246,白岡市,51653,561
11301,伊奈町,44384,457
11324,三芳町,37680,754
11326,毛呂山町,34819,547
11327,越生町,10904,125
11341,滑川町,19222,510
11342,嵐山町,17295,594
11343,小川町,28251,273
11346,川島町,19042,336
11347,吉見町,18037,155
11348,鳩山町,13427,133
11349,ときがわ町,10364,176
11361,横瀬町,7916,63
11362,皆野町,9238,64
11363,長瀞町,6783,24
11365,小鹿野町,10828,100
11369,東秩父村,2700,9
11381,美里町,10902,137
11383,神川町,12968,391
11385,上里町,29203,1140
11408,寄居町,31861,513
11442,宮代町,33729,418
11464,杉戸町,43296,549
11465,松伏町,27939,327
12000,千葉県,6122205,162275
12100,千葉市,946569,28382
12101,千葉市中央区,205122,6614
12102,千葉市花見川区,172599,4729
12103,千葉市稲毛区,156246,4336
12104,千葉市若葉区,143125,3815
12105,千葉市緑区,127890,1531
12106,千葉市美浜区,141587,7357
12202,銚子市,56213,2218
12203,市川市,478325,18351
12204,船橋市,623829,19078
12205,館山市,44799,354
12206,木更津市,133642,2524
12207,松戸市,480740,17492
12208,野田市,149148,3490
12210,茂原市,85451,1331
12211,成田市,126920,5986
12212,佐倉市,165416,3327
12213,東金市,56579,1640
12215,旭市,62349,1396
12216,習志野市,171709,4488
12217,柏市,416850,9618
12218,勝浦市,16761,166
12219,市原市,263566,5958
12220,流山市,196710,3139
12221,八千代市,193995,5503
12222,我孫子市,128716,1794
12223,鴨川市,31579,537
12224,鎌ケ谷市,108249,1683
12225,君津市,81378,828
12226,富津市,41946,519
12227,浦安市,167229,4133
12228,四街道市,91222,2354
12229,袖ケ浦市,63110,773
12230,八街市,65101,2354
12231,印西市,100528,2081
12232,白井市,61229,1212
12233,富里市,46846,2889
12234,南房総市,35467,364
12235,匝瑳市,34633,407
12236,香取市,71439,917
12237,山武市,47500,944
12238,いすみ市,35101,443
12239,大網白里市,47514,615
12322,酒々井町,20228,517
12329,栄町,19880,247
12342,神崎町,5685,131
12347,多古町,13313,422
12349,東庄町,12988,240
12403,九十九里町,14338,301
12409,芝山町,6847,186
12410,横芝光町,21758,317
12421,一宮町,11768,129
12422,睦沢町,6718,42
12423,長生村,13715,88
12424,白子町,10222,83
12426,長柄町,6651,70
12427,長南町,7172,26
12441,大多喜町,8793,92
12443,御宿町,6841,33
12463,鋸南町,6930,63
13000,東京都,13484028,563566
13100,特別区部,9261707,471569
13101,千代田区,63945,2735
13102,中央区,161791,7388
13103,港区,241082,19404
13104,新宿区,310828,38557
13105,文京区,229172,10897
13106,台東区,197118,14326
13107,墨田区,261275,10810
13108,江東区,494310,30000
13109,品川区,408384,14104
13110,目黒区,278501,9587
13111,大田区,716510,31571
13112,世田谷区,920520,23144
13113,渋谷区,232999,10884
13114,中野区,326192,18688
13115,杉並区,573467,17641
13116,豊島区,274039,27560
13117,北区,334838,20375
13118,荒川区,199648,17827
13119,板橋区,550782,33701
13120,練馬区,731692,20916
13121,足立区,660814,34229
13122,葛飾区,432951,20142
13123,江戸川区,660849,37083
13201,八王子市,565828,13527
13202,立川市,179349,4232
13203,武蔵野市,146807,3342
13204,三鷹市,191488,3903
13205,青梅市,131619,1916
13206,府中市,257221,5569
13207,昭島市,111000,2949
13208,調布市,237888,4726
13209,町田市,423906,7173
13210,小金井市,123164,2910
13211,小平市,193356,5383
13212,日野市,186303,4132
13213,東村山市,148754,3061
13214,国分寺市,126139,3103
13215,国立市,75351,1779
13218,福生市,52658,3756
13219,狛江市,83298,1474
13220,東大和市,82800,1101
13221,清瀬市,74867,1341
13222,東久留米市,113029,2242
13223,武蔵村山市,69086,1743
13224,多摩市,144555,2396
13225,稲城市,91707,1444
13227,羽村市,52961,1365
13228,あきる野市,78258,1034
13229,西東京市,202103,5285
13303,瑞穂町,31039,726
13305,日の出町,16880,78
13307,檜原村,1998,5
13308,奥多摩町,4702,48
13361,大島町,7016,86
13362,利島村,322,5
13363,新島村,2430,11
13364,神津島村,1850,5
13381,三宅村,2242,31
13382,御蔵島村,313,10
13401,八丈町,6959,83
13402,青ヶ島村,169,0
13421,小笠原村,2906,23
14000,神奈川県,9006608,230729
14100,横浜市,3673900,103591
14101,横浜市鶴見区,283382,14055
14102,横浜市神奈川区,239633,7634
14103,横浜市西区,100061,4874
14104,横浜市中区,134796,16592
14105,横浜市南区,187496,10661
14106,横浜市保土ケ谷区,201999,5812
14107,横浜市磯子区,161673,5058
14108,横浜市金沢区,195775,3164
14109,横浜市港北区,351272,7258
14110,横浜市戸塚区,279202,4507
14111,横浜市港南区,212293,2955
14112,横浜市旭区,242014,3160
14113,横浜市緑区,178886,4196
14114,横浜市瀬谷区,120701,1922
14115,横浜市栄区,119020,1174
14116,横浜市泉区,150007,2371
14117,横浜市青葉区,306170,4586
14118,横浜市都筑区,209520,3612
14130,川崎市,1492236,46026
14131,川崎市川崎区,216258,16707
14132,川崎市幸区,165768,5351
14133,川崎市中原区,257464,6219
14134,川崎市高津区,228767,5561
14135,川崎市多摩区,216579,5155
14136,川崎市宮前区,229782,3946
14137,川崎市麻生区,177618,3087
14150,相模原市,707177,18316
14151,相模原市緑区,166183,4024
14152,相模原市中央区,266805,7070
14153,相模原市南区,274189,7222
14201,横須賀市,382892,5186
14203,平塚市,253200,5222
14204,鎌倉市,171220,1490
14205,藤沢市,430226,6679
14206,小田原市,186300,2556
14207,茅ヶ崎市,240424,1965
14208,逗子市,56520,540
14210,三浦市,41761,308
14211,秦野市,158671,3768
14212,厚木市,215870,7835
14213,大和市,231885,7284
14214,伊勢原市,99045,2735
14215,海老名市,133791,2725
14216,座間市,128514,3811
14217,南足柄市,40448,393
14218,綾瀬市,79673,4240
14301,葉山町,31418,247
14321,寒川町,47427,921
14341,大磯町,31493,141
14342,二宮町,27387,177
14361,中井町,8970,330
14362,大井町,17005,124
14363,松田町,10756,80
14364,山北町,9688,73
14366,開成町,18172,157
14382,箱根町,10851,442
14383,真鶴町,6665,57
14384,湯河原町,23127,299
14401,愛川町,36880,2989
14402,清川村,3016,22
15000,新潟県,2185171,16101
15100,新潟市,783933,5342
15101,新潟市北区,72297,507
15102,新潟市東区,133572,874
15103,新潟市中央区,178483,1862
15104,新潟市江南区,67612,360
15105,新潟市秋葉区,74805,264
15106,新潟市南区,43264,173
15107,新潟市西区,159600,1056
15108,新潟市西蒲区,54300,246
15202,長岡市,264805,2131
15204,三条市,94028,614
15205,柏崎市,80657,869
15206,新発田市,94317,610
15208,小千谷市,33919,177
15209,加茂市,25351,90
15210,十日町市,49540,280
15211,見附市,38991,246
15212,村上市,57106,312
15213,燕市,76712,489
15216,糸魚川市,40392,373
15217,妙高市,30117,266
15218,五泉市,47152,473
15222,上越市,186459,1588
15223,阿賀野市,40449,247
15224,佐渡市,51291,201
15225,魚沼市,34258,225
15226,南魚沼市,54134,717
15227,胎内市,28311,198
15307,聖籠町,13970,289
15342,弥彦村,7685,20
15361,田上町,11188,39
15385,阿賀町,9929,36
15405,出雲崎町,4099,14
15461,湯沢町,7653,114
15482,津南町,8886,103
15504,刈羽村,4366,14
15581,関川村,5122,22
15586,粟島浦村,351,2
16000,富山県,1017321,17493
16201,富山市,406994,6944
16202,高岡市,163053,3340
16204,魚津市,40110,425
16205,氷見市,43525,425
16206,滑川市,31952,397
16207,黒部市,39322,316
16208,砺波市,47415,739
16209,小矢部市,28455,528
16210,南砺市,47115,822
16211,射水市,88258,2484
16321,舟橋村,3081,51
16322,上市町,19134,217
16323,立山町,24584,208
16342,入善町,23366,473
16343,朝日町,10957,124
17000,石川県,1117364,15162
17201,金沢市,457550,5704
17202,七尾市,49618,682
17203,小松市,103670,2546
17204,輪島市,24434,174
17205,珠洲市,12854,75
17206,加賀市,62291,929
17207,羽咋市,20262,145
17209,かほく市,34587,302
17210,白山市,108929,1479
17211,能美市,47353,1170
17212,野々市市,56680,558
17324,川北町,6072,63
17361,津幡町,36671,286
17365,内灘町,26229,345
17384,志賀町,18467,163
17386,宝達志水町,11948,173
17407,中能登町,16361,179
17461,穴水町,7807,83
17463,能登町,15581,106
18000,福井県,752018,14845
18201,福井市,257902,4426
18202,敦賀市,63410,854
18204,小浜市,28691,300
18205,大野市,30817,469
18206,勝山市,21871,279
18207,鯖江市,67431,871
18208,あわら市,27050,474
18209,越前市,75820,4791
18210,坂井市,86960,1521
18322,永平寺町,18725,240
18382,池田町,2409,14
18404,南越前町,9945,57
18423,越前町,19943,175
18442,美浜町,9108,71
18481,高浜町,10178,148
18483,おおい町,7840,70
18501,若狭町,13918,85
19000,山梨県,794358,15616
19201,甲府市,184054,5537
19202,富士吉田市,46026,504
19204,都留市,30470,546
19205,山梨市,33245,190
19206,大月市,22338,174
19207,韮崎市,28575,492
19208,南アルプス市,68451,1008
19209,北杜市,43546,507
19210,甲斐市,74210,1103
19211,笛吹市,65927,1020
19212,上野原市,22341,328
19213,甲州市,29069,168
19214,中央市,29348,1868
19346,市川三郷町,14479,221
19364,早川町,1091,7
19365,身延町,10567,96
19366,南部町,7097,59
19368,富士川町,14067,152
19384,昭和町,20143,766
19422,道志村,1598,9
19423,西桂町,4012,29
19424,忍野村,8984,253
19425,山中湖村,5058,121
19429,鳴沢村,2803,21
19430,富士河口湖町,25654,428
19442,小菅村,676,8
19443,丹波山村,529,1
20000,長野県,2013539,34472
20201,長野市,368857,3903
20202,松本市,237091,4054
20203,上田市,150442,3613
20204,岡谷市,47060,730
20205,飯田市,96044,2120
20206,諏訪市,47547,1182
20207,須坂市,48904,655
20208,小諸市,40234,757
20209,伊那市,64469,1656
20210,駒ヶ根市,31606,596
20211,中野市,41755,583
20212,大町市,25526,503
20213,飯山市,19345,194
20214,茅野市,55416,984
20215,塩尻市,65919,1322
20217,佐久市,96935,1264
20218,千曲市,58027,825
20219,東御市,29657,465
20220,安曇野市,93001,1221
20303,小海町,4285,68
20304,川上村,3519,825
20305,南牧村,2788,454
20306,南相木村,941,21
20307,北相木村,718,34
20309,佐久穂町,10148,70
20321,軽井沢町,18781,407
20323,御代田町,15154,401
20324,立科町,6505,107
20349,青木村,4091,30
20350,長和町,5552,48
20361,下諏訪町,18917,238
20362,富士見町,13864,220
20363,原村,7564,116
20382,辰野町,18185,370
20383,箕輪町,24236,753
20384,飯島町,8781,223
20385,南箕輪村,15510,287
20386,中川村,4588,63
20388,宮田村,8290,279
20402,松川町,12416,114
20403,高森町,12649,162
20404,阿南町,4258,41
20407,阿智村,5941,127
20409,平谷村,384,3
20410,根羽村,837,15
20411,下條村,3509,36
20412,売木村,541,7
20413,天龍村,1167,11
20414,泰阜村,1516,26
20415,喬木村,5916,57
20416,豊丘村,6307,119
20417,大鹿村,1011,12
20422,上松町,4076,55
20423,南木曽町,3886,29
20425,木祖村,2668,24
20429,王滝村,702,13
20430,大桑村,3363,76
20432,木曽町,10463,121
20446,麻績村,2575,18
20448,生坂村,1628,11
20450,山形村,8237,163
20451,朝日村,4238,41
20452,筑北村,4121,28
20481,池田町,9262,120
20482,松川村,9465,134
20485,白馬村,8249,326
20486,小谷村,2586,61
20521,坂城町,13622,382
20541,小布施町,10613,47
20543,高山村,6519,98
20561,山ノ内町,11184,168
20562,木島平村,4354,21
20563,野沢温泉村,3247,32
20583,信濃町,7680,59
20588,小川村,2199,16
20590,飯綱町,10253,43
20602,栄村,1645,15
21000,岐阜県,1924681,54061
21201,岐阜市,394179,8378
21202,大垣市,152970,5316
21203,高山市,83710,709
21204,多治見市,104767,1965
21205,関市,83180,2103
21206,中津川市,74663,1907
21207,美濃市,18757,490
21208,瑞浪市,36177,973
21209,羽島市,64492,1157
21210,恵那市,46904,870
21211,美濃加茂市,51537,5152
21212,土岐市,53651,1697
21213,各務原市,141321,3200
21214,可児市,91942,8026
21215,山県市,24683,597
21216,瑞穂市,53962,2426
21217,飛騨市,22415,123
21218,本巣市,32311,617
21219,郡上市,38499,498
21220,下呂市,29961,467
21221,海津市,32040,695
21302,岐南町,25254,627
21303,笠松町,21842,366
21341,養老町,26434,448
21361,垂井町,25608,794
21362,関ケ原町,6471,139
21381,神戸町,18220,365
21382,輪之内町,9190,464
21383,安八町,14068,287
21401,揖斐川町,19307,222
21403,大野町,21770,271
21404,池田町,22837,523
21421,北方町,17703,436
21501,坂祝町,7539,532
21502,富加町,5491,135
21503,川辺町,9660,200
21504,七宗町,3375,27
21505,八百津町,10055,140
21506,白川町,7308,104
21507,東白川村,1996,20
21521,御嵩町,16950,566
21604,白川村,1482,29
22000,静岡県,3540934,92268
22100,静岡市,682533,10856
22101,静岡市葵区,246279,3018
22102,静岡市駿河区,208202,4824
22103,静岡市清水区,228052,3014
22130,浜松市,767100,23618
22131,浜松市中区,226990,8250
22132,浜松市東区,125894,3462
22133,浜松市西区,105415,2745
22134,浜松市南区,95133,4636
22135,浜松市北区,90770,1918
22136,浜松市浜北区,96525,2254
22137,浜松市天竜区,26373,353
22203,沼津市,184968,4418
22205,熱海市,33663,545
22206,三島市,106428,1355
22207,富士宮市,125942,2163
22208,伊東市,64918,573
22209,島田市,94339,1380
22210,富士市,239829,5563
22211,磐田市,158616,8056
22212,焼津市,132362,4483
22213,掛川市,110742,4212
22214,藤枝市,139613,1729
22215,御殿場市,84305,2309
22216,袋井市,83223,4641
22219,下田市,20007,176
22220,裾野市,50152,759
22221,湖西市,54584,3301
22222,伊豆市,27993,197
22223,御前崎市,30097,1006
22224,菊川市,44177,3612
22225,伊豆の国市,46197,607
22226,牧之原市,41403,2099
22301,東伊豆町,11348,140
22302,河津町,6826,44
22304,南伊豆町,7832,45
22305,松崎町,6017,21
22306,西伊豆町,7002,88
22325,函南町,36507,287
22341,清水町,30453,1257
22342,長泉町,42913,423
22344,小山町,18372,196
22424,吉田町,27258,1661
22429,川根本町,6119,87
22461,森町,17096,361
23000,愛知県,7283260,259155
23100,名古屋市,2250764,81412
23101,名古屋市千種区,158823,6422
23102,名古屋市東区,80583,3809
23103,名古屋市北区,157664,5292
23104,名古屋市西区,146833,4249
23105,名古屋市中村区,132902,5697
23106,名古屋市中区,83413,9687
23107,名古屋市昭和区,103482,4117
23108,名古屋市瑞穂区,106309,2023
23109,名古屋市熱田区,64614,2343
23110,名古屋市中川区,213705,7023
23111,名古屋市港区,134981,8734
23112,名古屋市南区,128637,5873
23113,名古屋市守山区,173288,3299
23114,名古屋市緑区,243387,5415
23115,名古屋市名東区,160939,3816
23116,名古屋市天白区,161204,3613
23201,豊橋市,353437,18483
23202,岡崎市,372298,12356
23203,一宮市,373325,6748
23204,瀬戸市,123603,4189
23205,半田市,113702,4182
23206,春日井市,301006,7675
23207,豊川市,177987,6674
23208,津島市,59495,1447
23209,碧南市,67185,5273
23210,刈谷市,148708,5126
23211,豊田市,404849,17481
23212,安城市,180257,7733
23213,西尾市,159873,9173
23214,蒲郡市,76340,3198
23215,犬山市,70591,2499
23216,常滑市,57337,1373
23217,江南市,96404,1851
23219,小牧市,139339,9492
23220,稲沢市,131433,3318
23221,新城市,43401,954
23222,東海市,111651,2136
23223,大府市,89904,3219
23224,知多市,82243,2121
23225,知立市,67122,5071
23226,尾張旭市,81704,1440
23227,高浜市,42794,3312
23228,岩倉市,45277,2706
23229,豊明市,65979,3316
23230,日進市,90023,1497
23231,田原市,58066,1294
23232,愛西市,59957,872
23233,清須市,65648,1704
23234,北名古屋市,84312,2073
23235,弥富市,41305,1720
23236,みよし市,59665,2287
23237,あま市,84077,2049
23238,長久手市,59169,993
23302,東郷町,42613,1290
23342,豊山町,15100,513
23361,大口町,23668,637
23362,扶桑町,33630,503
23424,大治町,31607,792
23425,蟹江町,35754,1584
23427,飛島村,4328,247
23441,阿久比町,28022,361
23442,東浦町,48111,1485
23445,南知多町,16227,390
23446,美浜町,22174,322
23447,武豊町,42275,1260
23501,幸田町,41188,1261
23561,設楽町,4411,26
23562,東栄町,2925,17
23563,豊根村,997,20
24000,三重県,1718708,51546
24201,津市,266211,8326
24202,四日市市,295049,10375
24203,伊勢市,121652,1113
24204,松阪市,155067,4078
24205,桑名市,134322,4291
24207,鈴鹿市,187370,8300
24208,名張市,75374,1013
24209,尾鷲市,16064,188
24210,亀山市,47870,1965
24211,鳥羽市,17352,173
24212,熊野市,15860,105
24214,いなべ市,42987,1986
24215,志摩市,45705,352
24216,伊賀市,83295,5471
24303,木曽岬町,5678,345
24324,東員町,25191,593
24341,菰野町,39645,914
24343,朝日町,10853,168
24344,川越町,14569,554
24441,多気町,13883,138
24442,明和町,22265,180
24443,大台町,8565,103
24461,玉城町,14870,171
24470,度会町,7798,49
24471,大紀町,7732,83
24472,南伊勢町,10910,79
24543,紀北町,14324,280
24561,御浜町,8033,46
24562,紀宝町,10214,107
25000,滋賀県,1380486,33124
25201,大津市,340062,5008
25202,彦根市,111006,2641
25203,長浜市,109939,3697
25204,近江八幡市,79635,1487
25206,草津市,140615,3298
25207,守山市,82122,1114
25208,栗東市,67469,1351
25209,甲賀市,84729,3629
25210,野洲市,49861,652
25211,湖南市,51102,3358
25212,高島市,45898,479
25213,東近江市,108963,3856
25214,米原市,36688,537
25383,日野町,20339,625
25384,竜王町,11678,111
25425,愛荘町,19892,1001
25441,豊郷町,6944,188
25442,甲良町,6307,55
25443,多賀町,7237,37
26000,京都府,2520012,58075
26100,京都市,1419698,44025
26101,京都市北区,114351,2814
26102,京都市上京区,80953,2879
26103,京都市左京区,158632,7407
26104,京都市中京区,107643,2845
26105,京都市東山区,35593,1009
26106,京都市下京区,80167,2617
26107,京都市南区,96862,5108
26108,京都市右京区,196657,5390
26109,京都市伏見区,269034,8824
26110,京都市山科区,132761,2340
26111,京都市西京区,147045,2792
26201,福知山市,76255,1051
26202,舞鶴市,79392,944
26203,綾部市,31393,453
26204,宇治市,177077,2553
26205,宮津市,16631,127
26206,亀岡市,85187,987
26207,城陽市,73865,742
26208,向日市,56348,511
26209,長岡京市,79893,715
26210,八幡市,68757,1676
26211,京田辺市,72722,1031
26212,京丹後市,50433,427
26213,南丹市,31282,347
26214,木津川市,77294,613
26303,大山崎町,15841,112
26322,久御山町,14674,576
26343,井手町,7198,208
26344,宇治田原町,8552,359
26364,笠置町,1141,3
26365,和束町,3462,16
26366,精華町,35876,322
26367,南山城村,2371,20
26407,京丹波町,12756,151
26463,伊根町,1920,8
26465,与謝野町,19994,98
27000,大阪府,8595483,242202
27100,大阪市,2614348,138064
27102,大阪市都島区,104474,3430
27103,大阪市福島区,77700,1628
27104,大阪市此花区,63170,2081
27106,大阪市西区,101109,4753
27107,大阪市港区,77750,3198
27108,大阪市大正区,60540,1543
27109,大阪市天王寺区,77399,4749
27111,大阪市浪速区,66105,9399
27113,大阪市西淀川区,91776,4088
27114,大阪市東淀川区,169850,7270
27115,大阪市東成区,77657,7249
27116,大阪市生野区,99578,27731
27117,大阪市旭区,87472,2198
27118,大阪市城東区,163899,5144
27119,大阪市阿倍野区,107697,3298
27120,大阪市住吉区,149672,3384
27121,大阪市東住吉区,124214,3635
27122,大阪市西成区,98779,7332
27123,大阪市淀川区,176103,7341
27124,大阪市鶴見区,110550,2141
27125,大阪市住之江区,115897,4175
27126,大阪市平野区,183742,8410
27127,大阪市北区,133597,5779
27128,大阪市中央区,95618,8108
27140,堺市,811270,14891
27141,堺市堺区,143603,5079
27142,堺市中区,119705,1531
27143,堺市東区,84212,831
27144,堺市西区,133469,1906
27145,堺市南区,135705,2759
27146,堺市北区,157640,2117
27147,堺市美原区,36936,668
27202,岸和田市,187920,2738
27203,豊中市,396237,5321
27204,池田市,102682,2311
27205,吹田市,380015,5552
27206,泉大津市,72897,1515
27207,高槻市,349307,3391
27208,貝塚市,83457,986
27209,守口市,140453,2643
27210,枚方市,392742,4547
27211,茨木市,284108,3622
27212,八尾市,257010,7632
27213,泉佐野市,98133,1998
27214,富田林市,107284,1415
27215,寝屋川市,226674,3059
27216,河内長野市,101048,644
27217,松原市,115741,1900
27218,大東市,116544,2823
27219,和泉市,181955,2540
27220,箕面市,134418,2450
27221,柏原市,67390,1385
27222,羽曳野市,107680,1056
27223,門真市,116560,3204
27224,摂津市,85888,1568
27225,高石市,55113,522
27226,藤井寺市,62939,749
27227,東大阪市,474350,19590
27228,泉南市,59437,665
27229,四條畷市,54657,520
27230,交野市,74532,501
27231,大阪狭山市,57999,436
27232,阪南市,50907,347
27301,島本町,30702,225
27321,豊能町,18186,93
27322,能勢町,8984,95
27341,忠岡町,16128,439
27361,熊取町,43499,264
27362,田尻町,8324,110
27366,岬町,14644,97
27381,太子町,12886,123
27382,河南町,15541,156
27383,千早赤阪村,4894,15
28000,兵庫県,5356648,108354
28100,神戸市,1479165,45987
28101,神戸市東灘区,207533,6029
28102,神戸市灘区,132615,4132
28105,神戸市兵庫区,103415,5729
28106,神戸市長田区,88143,6648
28107,神戸市須磨区,155326,3393
28108,神戸市垂水区,212775,2527
28109,神戸市北区,208304,2188
28110,神戸市中央区,135123,12395
28111,神戸市西区,235931,2946
28201,姫路市,519680,10815
28202,尼崎市,447336,12257
28203,明石市,299878,3723
28204,西宮市,477984,7603
28205,洲本市,40937,299
28206,芦屋市,92316,1606
28207,伊丹市,195336,2802
28208,相生市,27948,407
28209,豊岡市,76831,658
28210,加古川市,257930,2948
28212,赤穂市,45525,367
28213,西脇市,37963,710
28214,宝塚市,223729,2703
28215,三木市,73572,1722
28216,高砂市,86538,1184
28217,川西市,151131,1190
28218,小野市,46673,889
28219,三田市,108356,882
28220,加西市,41428,1272
28221,丹波篠山市,38827,784
28222,養父市,22023,106
28223,丹波市,60533,938
28224,南あわじ市,43758,379
28225,朝来市,28661,328
28226,淡路市,41650,317
28227,宍粟市,34581,238
28228,加東市,38780,1865
28229,たつの市,73772,544
28301,猪名川町,29491,189
28365,多可町,18978,283
28381,稲美町,29824,444
28382,播磨町,33098,506
28442,市川町,11099,132
28443,福崎町,18889,488
28446,神河町,10554,62
28464,太子町,33235,242
28481,上郡町,13760,119
28501,佐用町,15720,143
28585,香美町,15965,99
28586,新温泉町,13194,124
29000,奈良県,1311730,12743
29201,奈良市,350909,3721
29202,大和高田市,61194,550
29203,大和郡山市,82546,739
29204,天理市,63055,834
29205,橿原市,119877,1045
29206,桜井市,54233,624
29207,五條市,27647,280
29208,御所市,23812,284
29209,生駒市,115381,1294
29210,香芝市,77547,566
29211,葛城市,36480,352
29212,宇陀市,27883,238
29322,山添村,3192,34
29342,平群町,17909,100
29343,三郷町,23070,149
29344,斑鳩町,27403,184
29345,安堵町,7012,213
29361,川西町,8007,160
29362,三宅町,6356,83
29363,田原本町,30950,227
29385,曽爾村,1280,15
29386,御杖村,1470,9
29401,高取町,6720,9
29402,明日香村,5164,15
29424,上牧町,21577,137
29425,王寺町,23847,196
29426,広陵町,33624,186
29427,河合町,16906,112
29441,吉野町,6164,65
29442,大淀町,16517,211
29443,下市町,5000,37
29444,黒滝村,617,6
29446,天川村,1175,1
29447,野迫川村,351,6
29449,十津川村,3043,18
29450,下北山村,746,7
29451,上北山村,443,1
29452,川上村,1143,13
29453,東吉野村,1480,22
30000,和歌山県,916179,6405
30201,和歌山市,353433,3296
30202,海南市,48111,258
30203,橋本市,60498,320
30204,有田市,26390,148
30205,御坊市,23313,168
30206,田辺市,69602,268
30207,新宮市,26992,179
30208,紀の川市,58405,411
30209,岩出市,53554,413
30304,紀美野町,8221,35
30341,かつらぎ町,15890,77
30343,九度山町,3852,4
30344,高野町,2941,29
30361,湯浅町,11084,38
30362,広川町,6737,44
30366,有田川町,25182,76
30381,美浜町,6838,29
30382,日高町,7656,17
30383,由良町,5327,37
30390,印南町,7688,32
30391,みなべ町,11740,78
30392,日高川町,9186,33
30401,白浜町,20100,162
30404,上富田町,15197,39
30406,すさみ町,3663,22
30421,那智勝浦町,14029,108
30422,太地町,2781,10
30424,古座川町,2468,12
30427,北山村,404,0
30428,串本町,14897,62
31000,鳥取県,548766,4641
31201,鳥取市,187049,1416
31202,米子市,145972,1345
31203,倉吉市,46164,321
31204,境港市,32238,502
31302,岩美町,10719,80
31325,若桜町,2834,30
31328,智頭町,6359,68
31329,八頭町,15868,69
31364,三朝町,5998,62
31370,湯梨浜町,15964,91
31371,琴浦町,16166,199
31372,北栄町,14124,104
31384,日吉津村,3468,33
31386,大山町,15251,119
31389,南部町,10230,93
31390,伯耆町,10648,48
31401,日南町,4168,28
31402,日野町,2884,23
31403,江府町,2662,10
32000,島根県,662115,9011
32201,松江市,202108,1508
32202,浜田市,53909,683
32203,出雲市,168102,4673
32204,益田市,44638,365
32205,大田市,32478,368
32206,安来市,36793,269
32207,江津市,22673,286
32209,雲南市,35792,215
32343,奥出雲町,11760,89
32386,飯南町,4535,42
32441,川本町,3229,19
32448,美郷町,4337,18
32449,邑南町,10079,84
32501,津和野町,6823,52
32505,吉賀町,5856,221
32525,海士町,2255,12
32526,西ノ島町,2757,31
32527,知夫村,631,3
32528,隠岐の島町,13360,73
33000,岡山県,1859012,29420
33100,岡山市,711041,13650
33101,岡山市北区,307195,7328
33102,岡山市中区,146959,2273
33103,岡山市東区,91472,1636
33104,岡山市南区,165415,2413
33202,倉敷市,468245,6347
33203,津山市,99001,936
33204,玉野市,55860,671
33205,笠岡市,45560,528
33207,井原市,37857,527
33208,総社市,67275,1755
33209,高梁市,28152,920
33210,新見市,27799,280
33211,備前市,31739,581
33212,瀬戸内市,35600,448
33213,赤磐市,42162,499
33214,真庭市,42426,299
33215,美作市,25554,385
33216,浅口市,32536,236
33346,和気町,13370,253
33423,早島町,12301,67
33445,里庄町,10795,155
33461,矢掛町,13045,369
33586,新庄村,802,11
33606,鏡野町,11977,85
33622,勝央町,10842,46
33623,奈義町,5552,26
33643,西粟倉村,1392,6
33663,久米南町,4493,37
33666,美咲町,12978,75
33681,吉備中央町,10658,228
34000,広島県,2746811,52891
34100,広島市,1181129,19625
34101,広島市中区,138363,4336
34102,広島市東区,117512,1841
34103,広島市南区,143646,2159
34104,広島市西区,185729,4503
34105,広島市安佐南区,244794,2226
34106,広島市安佐北区,137051,1928
34107,広島市安芸区,75626,1477
34108,広島市佐伯区,138408,1155
34202,呉市,211462,3130
34203,竹原市,23758,235
34204,三原市,88385,2188
34205,尾道市,128293,2877
34207,福山市,451281,9649
34208,府中市,37075,580
34209,三次市,50018,663
34210,庄原市,33209,424
34211,大竹市,25992,327
34212,東広島市,188964,7644
34213,廿日市市,112837,1336
34214,安芸高田市,25752,696
34215,江田島市,21343,587
34302,府中町,50517,638
34304,海田町,28780,856
34307,熊野町,22630,204
34309,坂町,12400,182
34368,安芸太田町,5698,42
34369,北広島町,17245,518
34431,大崎上島町,7012,146
34462,世羅町,14869,256
34545,神石高原町,8162,88
35000,山口県,1326043,16016
35201,下関市,250860,4191
35202,宇部市,160663,1907
35203,山口市,192235,1731
35204,萩市,44239,387
35206,防府市,112690,1289
35207,下松市,55298,589
35208,岩国市,127126,1999
35210,光市,49340,458
35211,長門市,32058,461
35212,柳井市,30625,174
35213,美祢市,23046,201
35215,周南市,135958,1582
35216,山陽小野田市,59635,691
35305,周防大島町,14699,99
35321,和木町,5955,79
35341,上関町,2338,4
35343,田布施町,14423,60
35344,平生町,11826,88
35502,阿武町,3029,26
36000,徳島県,713716,5843
36201,徳島市,250342,2049
36202,鳴門市,54250,372
36203,小松島市,35943,206
36204,阿南市,69142,328
36205,吉野川市,38419,353
36206,阿波市,34299,414
36207,美馬市,27652,403
36208,三好市,23418,187
36301,勝浦町,4806,31
36302,上勝町,1375,5
36321,佐那河内村,2053,5
36341,石井町,24582,251
36342,神山町,4593,54
36368,那賀町,7355,12
36383,牟岐町,3722,21
36387,美波町,6168,54
36388,海陽町,8145,213
36401,松茂町,14463,120
36402,北島町,22624,121
36403,藍住町,35007,239
36404,板野町,12872,170
36405,上板町,11272,112
36468,つるぎ町,7685,30
36489,東みよし町,13529,93
37000,香川県,937342,12902
37201,高松市,412591,4905
37202,丸亀市,107441,2072
37203,坂出市,49740,884
37204,善通寺市,31354,277
37205,観音寺市,56597,841
37206,さぬき市,46573,430
37207,東かがわ市,28038,241
37208,三豊市,61062,795
37322,土庄町,12767,79
37324,小豆島町,13736,134
37341,三木町,26658,220
37364,直島町,3074,29
37386,宇多津町,18212,487
37387,綾川町,22382,311
37403,琴平町,8296,172
37404,多度津町,21606,839
37406,まんのう町,17215,186
38000,愛媛県,1322257,12584
38201,松山市,507614,3578
38202,今治市,148533,3139
38203,宇和島市,70432,377
38204,八幡浜市,31775,212
38205,新居浜市,114612,1326
38206,西条市,103392,1399
38207,大洲市,40403,172
38210,伊予市,34899,234
38213,四国中央市,81898,856
38214,西予市,35111,277
38215,東温市,33723,180
38356,上島町,6200,309
38386,久万高原町,7370,34
38401,松前町,29482,148
38402,砥部町,20406,74
38422,内子町,15269,53
38442,伊方町,8330,67
38484,松野町,3656,18
38488,鬼北町,9596,86
38506,愛南町,19556,45
39000,高知県,686982,4545
39201,高知市,324809,1736
39202,室戸市,11651,91
39203,安芸市,16175,68
39204,南国市,46366,298
39205,土佐市,25367,365
39206,須崎市,20198,392
39208,宿毛市,18964,69
39209,土佐清水市,12309,79
39210,四万十市,32597,97
39211,香南市,31896,311
39212,香美市,26215,298
39301,東洋町,2153,41
39302,奈半利町,3023,11
39303,田野町,2491,7
39304,安田町,2365,5
39305,北川村,1143,3
39306,馬路村,743,2
39307,芸西村,3620,74
39341,本山町,3239,22
39344,大豊町,3219,33
39363,土佐町,3720,33
39364,大川村,365,1
39386,いの町,21335,39
39387,仁淀川町,4789,38
39401,中土佐町,5960,42
39402,佐川町,12267,56
39403,越知町,5171,16
39405,檮原町,3302,5
39410,日高村,4794,18
39411,津野町,5263,28
39412,四万十町,15523,84
39424,大月町,4415,19
39427,三原村,1424,13
39428,黒潮町,10111,151
40000,福岡県,5055456,79758
40100,北九州市,924715,14314
40101,北九州市門司区,92990,852
40103,北九州市若松区,79318,1215
40105,北九州市戸畑区,56675,819
40106,北九州市小倉北区,177980,5427
40107,北九州市小倉南区,207275,1753
40108,北九州市八幡東区,63984,808
40109,北九州市八幡西区,246493,3440
40130,福岡市,1573721,38671
40131,福岡市東区,311776,10727
40132,福岡市博多区,242606,9428
40133,福岡市中央区,200505,4996
40134,福岡市南区,259256,6327
40135,福岡市西区,209312,3267
40136,福岡市城南区,131557,1307
40137,福岡市早良区,218709,2619
40202,大牟田市,110543,738
40203,久留米市,299220,4096
40204,直方市,55621,591
40205,飯塚市,125013,1351
40206,田川市,45737,466
40207,柳川市,63923,552
40210,八女市,60126,482
40211,筑後市,48304,523
40212,大川市,32750,238
40213,行橋市,70778,648
40214,豊前市,24050,341
40215,中間市,40014,348
40216,小郡市,58441,919
40217,筑紫野市,102678,633
40218,春日市,110161,862
40219,大野城市,101187,898
40220,宗像市,96319,776
40221,太宰府市,72633,531
40223,古賀市,57989,797
40224,福津市,66624,409
40225,うきは市,27736,245
40226,宮若市,25928,370
40227,嘉麻市,35214,259
40228,朝倉市,49551,722
40229,みやま市,35600,261
40230,糸島市,97697,1180
40231,那珂川市,49819,293
40341,宇美町,37170,501
40342,篠栗町,31019,190
40343,志免町,45760,617
40344,須恵町,28322,306
40345,新宮町,32485,442
40348,久山町,8814,254
40349,粕屋町,47491,699
40381,芦屋町,13459,86
40382,水巻町,27684,430
40383,岡垣町,30837,170
40384,遠賀町,18521,202
40401,小竹町,6955,196
40402,鞍手町,14889,191
40421,桂川町,12776,102
40447,筑前町,29361,230
40448,東峰村,1888,11
40503,大刀洗町,15199,322
40522,大木町,13699,121
40544,広川町,19678,291
40601,香春町,10142,49
40602,添田町,8792,9
40604,糸田町,8369,38
40605,川崎町,15077,99
40608,大任町,4999,9
40609,赤村,2771,3
40610,福智町,21277,121
40621,苅田町,36471,1213
40625,みやこ町,18678,147
40642,吉富町,6478,58
40646,上毛町,7217,34
40647,築上町,17086,103
41000,佐賀県,804878,6564
41201,佐賀市,231604,1697
41202,唐津市,116630,743
41203,鳥栖市,72857,1339
41204,多久市,18130,165
41205,伊万里市,52178,451
41206,武雄市,47692,222
41207,鹿島市,27735,157
41208,小城市,43675,277
41209,嬉野市,25687,161
41210,神埼市,30805,217
41327,吉野ヶ里町,16129,194
41341,基山町,16992,258
41345,上峰町,9227,59
41346,みやき町,25336,175
41387,玄海町,5601,8
41401,有田町,18866,144
41423,大町町,6277,16
41424,江北町,9499,67
41425,白石町,21894,157
41441,太良町,8064,57
42000,長崎県,1303067,9250
42201,長崎市,405864,3254
42202,佐世保市,241398,1825
42203,島原市,42974,364
42204,諫早市,132986,866
42205,大村市,94991,406
42207,平戸市,29210,155
42208,松浦市,21031,240
42209,対馬市,28348,154
42210,壱岐市,24869,79
42211,五島市,34263,128
42212,西海市,25817,458
42213,雲仙市,40668,428
42214,南島原市,42071,259
42307,長与町,40618,162
42308,時津町,29135,204
42321,東彼杵町,7679,42
42322,川棚町,13279,98
42323,波佐見町,14262,29
42383,小値賀町,2282,6
42391,佐々町,13864,48
42411,新上五島町,17458,45
43000,熊本県,1722005,16296
43100,熊本市,732196,6669
43101,熊本市中央区,184618,2884
43102,熊本市東区,188235,1289
43103,熊本市西区,90428,749
43104,熊本市南区,130039,790
43105,熊本市北区,138876,957
43202,八代市,120874,2193
43203,人吉市,30919,189
43204,荒尾市,50514,318
43205,水俣市,23491,66
43206,玉名市,63421,871
43208,山鹿市,48660,365
43210,菊池市,45795,621
43211,宇土市,35907,215
43212,上天草市,24467,96
43213,宇城市,56535,497
43214,阿蘇市,24517,413
43215,天草市,75457,326
43216,合志市,61501,271
43348,美里町,9329,63
43364,玉東町,5019,26
43367,南関町,8832,147
43368,長洲町,14779,593
43369,和水町,9303,39
43403,大津町,34764,423
43404,菊陽町,42912,425
43423,南小国町,3679,71
43424,小国町,6549,41
43425,産山村,1355,27
43428,高森町,5727,62
43432,西原村,6339,87
43433,南阿蘇村,9742,94
43441,御船町,16231,72
43442,嘉島町,9443,104
43443,益城町,32367,143
43444,甲佐町,10073,59
43447,山都町,13400,103
43468,氷川町,10939,155
43482,芦北町,15650,31
43484,津奈木町,4247,7
43501,錦町,10239,49
43505,多良木町,9015,61
43506,湯前町,3622,5
43507,水上村,2026,7
43510,相良村,4055,15
43511,五木村,928,3
43512,山江村,3233,5
43513,球磨村,2432,1
43514,あさぎり町,14472,204
43531,苓北町,7050,64
44000,大分県,1111592,12260
44201,大分市,472294,3320
44202,別府市,111916,3405
44203,中津市,81283,1580
44204,日田市,62230,427
44205,佐伯市,66512,339
44206,臼杵市,35843,315
44207,津久見市,16066,34
44208,竹田市,20092,240
44209,豊後高田市,21489,623
44210,杵築市,27829,170
44211,宇佐市,52132,639
44212,豊後大野市,33477,218
44213,由布市,32393,379
44214,国東市,25984,248
44322,姫島村,1722,3
44341,日出町,27595,128
44461,九重町,8455,86
44462,玖珠町,14280,106
45000,宮崎県,1062573,7003
45201,宮崎市,398872,2467
45202,都城市,159135,1505
45203,延岡市,117931,463
45204,日南市,50445,403
45205,小林市,43162,508
45206,日向市,59276,353
45207,串間市,16746,76
45208,西都市,28516,94
45209,えびの市,17505,133
45341,三股町,25434,157
45361,高原町,8616,23
45382,国富町,18268,130
45383,綾町,6917,17
45401,高鍋町,19864,58
45402,新富町,16410,154
45403,西米良村,999,1
45404,木城町,4889,6
45405,川南町,14957,237
45406,都農町,9845,61
45421,門川町,17284,95
45429,諸塚村,1484,2
45430,椎葉村,2499,4
45431,美郷町,4814,12
45441,高千穂町,11610,32
45442,日之影町,3632,3
45443,五ヶ瀬町,3463,9
46000,鹿児島県,1577022,11234
46201,鹿児島市,589918,3210
46203,鹿屋市,100463,633
46204,枕崎市,19657,376
46206,阿久根市,19150,120
46208,出水市,51187,807
46210,指宿市,38656,355
46213,西之表市,14631,77
46214,垂水市,13554,265
46215,薩摩川内市,91902,501
46216,日置市,46833,320
46217,曽於市,32947,363
46218,霧島市,122350,785
46219,いちき串木野市,27284,206
46220,南さつま市,32667,220
46221,志布志市,28969,360
46222,奄美市,41285,105
46223,南九州市,32708,372
46224,伊佐市,24324,129
46225,姶良市,75968,380
46303,三島村,402,3
46304,十島村,731,9
46392,さつま町,19838,405
46404,長島町,9627,78
46452,湧水町,9031,88
46468,大崎町,12082,303
46482,東串良町,6111,126
46490,錦江町,6875,69
46491,南大隅町,6458,23
46492,肝付町,14159,68
46501,中種子町,7520,19
46502,南種子町,5432,13
46505,屋久島町,11756,102
46523,大和村,1363,1
46524,宇検村,1617,4
46525,瀬戸内町,8531,15
46527,龍郷町,5800,17
46529,喜界町,6590,39
46530,徳之島町,10106,41
46531,天城町,5487,30
46532,伊仙町,6115,24
46533,和泊町,6138,108
46534,知名町,5697,53
46535,与論町,5103,12
47000,沖縄県,1447245,20235
47201,那覇市,311977,5648
47205,宜野湾市,98382,1743
47207,石垣市,47063,574
47208,浦添市,114467,1223
47209,名護市,62970,584
47210,糸満市,60113,894
47211,沖縄市,140568,2184
47212,豊見城市,64220,392
47213,うるま市,123944,1359
47214,宮古島市,52415,516
47215,南城市,43782,261
47301,国頭村,4485,32
47302,大宜味村,3069,23
47303,東村,1587,11
47306,今帰仁村,8850,44
47308,本部町,12394,136
47311,恩納村,10126,743
47313,宜野座村,5790,43
47314,金武町,10705,101
47315,伊江村,4092,26
47324,読谷村,40448,758
47325,嘉手納町,13420,101
47326,北谷町,27333,868
47327,北中城村,17568,401
47328,中城村,21812,345
47329,西原町,34409,575
47348,与那原町,19582,113
47350,南風原町,40213,227
47353,渡嘉敷村,712,6
47354,座間味村,877,15
47355,粟国村,681,2
47356,渡名喜村,344,2
47357,南大東村,1254,31
47358,北大東村,585,5
47359,伊平屋村,1118,8
47360,伊是名村,1299,23
47361,久米島町,7157,35
47362,八重瀬町,30811,130
47375,多良間村,1047,11
47381,竹富町,3915,27
47382,与那国町,1661,15
